familyprivatelaw13@gmail.com,Password07,1727086846411360,FL401
familyprivatelaw50@gmail.com,Password07,1736251310154875,C100
familyprivatelaw4@gmail.com,Password07,1737498069448292,C100
familyprivatelaw1@gmail.com,Password07,1737497803845177,C100
familyprivatelaw@gmail.com,Password12,1737498061037762,C100
familyprivatelaw54@gmail.com,Password07,1736256240679008,FL401
familyprivatelaw9@gmail.com,Password07,1737498069242083,C100
familyprivatelaw4@gmail.com,Password07,1737498061311969,C100
familyprivatelaw1@gmail.com,Password07,1727086850073338,FL401
familyprivatelaw7@gmail.com,Password07,1737498067980098,C100
familyprivatelaw9@gmail.com,Password07,1737498067664643,C100
familyprivatelaw12@gmail.com,Password07,1727086850055301,FL401
familyprivatelaw@gmail.com,Password12,1737498066681184,C100
familyprivatelaw1@gmail.com,Password07,1737498081895090,C100
familyprivatelaw6@gmail.com,Password07,1727086850906842,FL401
familyprivatelaw9@gmail.com,Password07,1737498334692856,C100
familyprivatelaw12@gmail.com,Password07,1737498072348737,C100
familyprivatelaw24@gmail.com,Password07,1736257667876812,FL401
familyprivatelaw@gmail.com,Password12,1727086848669726,FL401
familyprivatelaw4@gmail.com,Password07,1737498074683230,C100
familyprivatelaw8@gmail.com,Password07,1737498070585850,C100
familyprivatelaw6@gmail.com,Password07,1737498335221879,C100
familyprivatelaw26@gmail.com,Password07,1736256240223955,FL401
familyprivatelaw13@gmail.com,Password07,1737498347911442,C100
familyprivatelaw52@gmail.com,Password07,1736256242177894,FL401
familyprivatelaw12@gmail.com,Password07,1737498334246901,C100
familyprivatelaw8@gmail.com,Password07,1727086849557995,FL401
familyprivatelaw@gmail.com,Password12,1737497255611762,C100
