orgname,orgref,superuser,superuserpassword,user,password,caseToTest
perf-prl-aALof,U1NS7EH,familyprivatelaw@gmail.com,Password12,PRL_CUI_RA_Citizen_002@gmail.com,Password12,1680621251215701
perf-prl-aALof,U1NS7EH,familyprivatelaw@gmail.com,Password12,PRL_CUI_RA_Citizen_001@gmail.com,Password12,1680621251215701
perf-prl-aALof,U1NS7EH,familyprivatelaw@gmail.com,Password12,familyprivatelaw@gmail.com,Password12,1680621251215701
perf-prl-aALof,U1NS7EH,familyprivatelaw23@gmail.com,Password07,familyprivatelaw38@gmail.com,Password07,1680621251215701
perf-prl-aALof,U1NS7EH,familyprivatelaw23@gmail.com,Password07,familyprivatelaw39@gmail.com,Password07,1680621429514746
perf-prl-aALof,U1NS7EH,familyprivatelaw23@gmail.com,Password07,familyprivatelaw40@gmail.com,Password07,1680621611089747
perf-prl-aALof,U1NS7EH,familyprivatelaw23@gmail.com,Password07,familyprivatelaw41@gmail.com,Password07,1680621789754908
perf-prl-aALof,U1NS7EH,familyprivatelaw23@gmail.com,Password07,familyprivatelaw42@gmail.com,Password07,1680621971085236
perf-prl-aALof,U1NS7EH,familyprivatelaw23@gmail.com,Password07,familyprivatelaw43@gmail.com,Password07,1680622152315699
perf-prl-aALof,U1NS7EH,familyprivatelaw23@gmail.com,Password07,familyprivatelaw44@gmail.com,Password07,1680622329110015
perf-prl-aALof,U1NS7EH,familyprivatelaw23@gmail.com,Password07,familyprivatelaw45@gmail.com,Password07,1680622510983717
perf-prl-aALof,U1NS7EH,familyprivatelaw23@gmail.com,Password07,familyprivatelaw46@gmail.com,Password07,1680622691120048
perf-prl-aALof,U1NS7EH,familyprivatelaw23@gmail.com,Password07,familyprivatelaw47@gmail.com,Password07,1680622874958735
perf-prl-aALof,U1NS7EH,familyprivatelaw23@gmail.com,Password07,familyprivatelaw48@gmail.com,Password07,1680623050688229
perf-prl-aALof,U1NS7EH,familyprivatelaw23@gmail.com,Password07,familyprivatelaw49@gmail.com,Password07,1680623227711441
perf-prl-aALof,U1NS7EH,familyprivatelaw23@gmail.com,Password07,familyprivatelaw23@gmail.com,Password07,1685545292292178
perf-prl-aALof,U1NS7EH,familyprivatelaw23@gmail.com,Password07,familyprivatelaw30@gmail.com,Password07,1680708795191033
perf-prl-aALof,U1NS7EH,familyprivatelaw23@gmail.com,Password07,familyprivatelaw31@gmail.com,Password07,1680619997737194
perf-prl-aALof,U1NS7EH,familyprivatelaw23@gmail.com,Password07,familyprivatelaw32@gmail.com,Password07,1680620170966253
perf-prl-aALof,U1NS7EH,familyprivatelaw23@gmail.com,Password07,familyprivatelaw33@gmail.com,Password07,1680620350033593
perf-prl-aALof,U1NS7EH,familyprivatelaw23@gmail.com,Password07,familyprivatelaw34@gmail.com,Password07,1680620528051964
perf-prl-aALof,U1NS7EH,familyprivatelaw23@gmail.com,Password07,familyprivatelaw35@gmail.com,Password07,1680620708726955
perf-prl-aALof,U1NS7EH,familyprivatelaw23@gmail.com,Password07,familyprivatelaw36@gmail.com,Password07,1680620892696535
perf-prl-aALof,U1NS7EH,familyprivatelaw23@gmail.com,Password07,familyprivatelaw37@gmail.com,Password07,1680621072040890
perf-prl-aALof,U1NS7EH,familyprivatelaw23@gmail.com,Password07,familyprivatelaw51@gmail.com,Password07
perf-prl-aALof,U1NS7EH,familyprivatelaw23@gmail.com,Password07,familyprivatelaw52@gmail.com,Password07
perf-prl-aALof,U1NS7EH,familyprivatelaw23@gmail.com,Password07,familyprivatelaw53@gmail.com,Password07


perf-prl-aALof,U1NS7EH,familyprivatelaw17@gmail.com,Password07,familyprivatelaw17@gmail.com,Password07
perf-prl-aALof,U1NS7EH,familyprivatelaw23@gmail.com,Password07,familyprivatelaw23@gmail.com,Password07
perf-prl-aALof,U1NS7EH,familyprivatelaw22@gmail.com,Password07,familyprivatelaw22@gmail.com,Password07
perf-prl-aALof,U1NS7EH,familyprivatelaw21@gmail.com,Password07,familyprivatelaw21@gmail.com,Password07
perf-prl-aALof,U1NS7EH,familyprivatelaw20@gmail.com,Password07,familyprivatelaw20@gmail.com,Password07
perf-prl-aALof,U1NS7EH,familyprivatelaw19@gmail.com,Password07,familyprivatelaw19@gmail.com,Password07
perf-prl-aALof,U1NS7EH,familyprivatelaw18@gmail.com,Password07,familyprivatelaw18@gmail.com,Password07
perf-prl-aALof,U1NS7EH,familyprivatelaw16@gmail.com,Password07,familyprivatelaw16@gmail.com,Password07
perf-prl-aALof,U1NS7EH,familyprivatelaw15@gmail.com,Password07,familyprivatelaw15@gmail.com,Password07
perf-prl-aALof,U1NS7EH,familyprivatelaw14@gmail.com,Password07,familyprivatelaw14@gmail.com,Password07
perf-prl-aALof,U1NS7EH,familyprivatelaw13@gmail.com,Password07,familyprivatelaw13@gmail.com,Password07
perf-prl-aALof,U1NS7EH,familyprivatelaw12@gmail.com,Password07,familyprivatelaw12@gmail.com,Password07
perf-prl-aALof,U1NS7EH,familyprivatelaw10@gmail.com,Password07,familyprivatelaw10@gmail.com,Password07
perf-prl-aALof,U1NS7EH,familyprivatelaw9@gmail.com,Password07,familyprivatelaw9@gmail.com,Password07
perf-prl-aALof,U1NS7EH,familyprivatelaw8@gmail.com,Password07,familyprivatelaw8@gmail.com,Password07
perf-prl-aALof,U1NS7EH,familyprivatelaw7@gmail.com,Password07,familyprivatelaw7@gmail.com,Password07
perf-prl-aALof,U1NS7EH,familyprivatelaw6@gmail.com,Password07,familyprivatelaw6@gmail.com,Password07
perf-prl-aALof,U1NS7EH,familyprivatelaw5@gmail.com,Password07,familyprivatelaw5@gmail.com,Password07
perf-prl-aALof,U1NS7EH,familyprivatelaw4@gmail.com,Password07,familyprivatelaw4@gmail.com,Password07
perf-prl-aALof,U1NS7EH,familyprivatelaw1@gmail.com,Password07,familyprivatelaw1@gmail.com,Password07
perf-prl-aALof,U1NS7EH,familyprivatelaw3@gmail.com,Password07,familyprivatelaw3@gmail.com,Password07




perf-prl-aALof,U1NS7EH,familyprivatelaw23@gmail.com,Password07,familyprivatelaw50@gmail.com,Password07